{"cameraMode":{"drawMode":0,"name":"Shaded","section":"Shading Mode"},"sceneLighting":true,"audioPlay":false,"sceneViewState":{"m_AlwaysRefresh":false,"showFog":true,"showSkybox":true,"showFlares":true,"showImageEffects":true,"showParticleSystems":true,"showVisualEffectGraphs":true,"m_FxEnabled":true},"in2DMode":false,"pivot":{"x":2.81005597114563,"y":1.5211176872253419,"z":0.9114487767219544},"rotation":{"x":0.14058683812618257,"y":0.05936144292354584,"z":-0.008444448001682759,"w":0.988253653049469},"size":1.3131988048553467,"orthographic":false}