{"cameraMode":{"drawMode":0,"name":"Shaded","section":"Shading Mode"},"sceneLighting":true,"audioPlay":false,"sceneViewState":{"m_AlwaysRefresh":false,"showFog":true,"showSkybox":true,"showFlares":true,"showImageEffects":true,"showParticleSystems":true,"showVisualEffectGraphs":true,"m_FxEnabled":true},"in2DMode":false,"pivot":{"x":0.5081941485404968,"y":0.7217676639556885,"z":0.34690433740615847},"rotation":{"x":0.2181687206029892,"y":0.11097674816846848,"z":-0.024979500100016595,"w":0.9692596197128296},"size":2.5305380821228029,"orthographic":false}