{"cameraMode":{"drawMode":0,"name":"Shaded","section":"Shading Mode"},"sceneLighting":true,"audioPlay":false,"sceneViewState":{"m_AlwaysRefresh":false,"showFog":true,"showSkybox":true,"showFlares":true,"showImageEffects":true,"showParticleSystems":true,"showVisualEffectGraphs":true,"m_FxEnabled":true},"in2DMode":false,"pivot":{"x":1.7423205375671387,"y":1.736020565032959,"z":-2.3068456649780275},"rotation":{"x":0.23705323040485383,"y":0.31914693117141726,"z":-0.08278799057006836,"w":0.9138385057449341},"size":3.0188143253326418,"orthographic":false}